year,segment,external_revenue_eur_m,internal_revenue_eur_m,total_revenue_eur_m,material_expense_eur_m,staff_costs_eur_m,depreciation_amortization_eur_m,ebit_eur_m,segment_assets_eur_m,segment_liabilities_eur_m,capex_assets_eur_m,capex_rou_eur_m,total_capex_eur_m,operating_cash_flow_eur_m,average_fte,source_id,external_revenue_growth_pct,ebit_margin_pct,staff_cost_pct,material_cost_pct,d_and_a_pct,external_revenue_per_fte_eur,ebit_per_fte_eur,capex_intensity_pct,ocf_margin_pct
2024,Express,24511,623,25134,12623,6317,1834,3084,21303,4994,1044,1105,2149,4830,109319,DHL_2025_SEGMENTS,,12.27,25.13,50.22,7.3,224215.0,28211.0,4.26,19.71
2025,Express,23805,625,24430,11654,6366,1817,3162,20768,5027,874,1587,2461,5125,106821,DHL_2025_SEGMENTS,-2.88,12.94,26.06,47.7,7.44,222849.0,29601.0,3.67,21.53
2024,Global Forwarding Freight,18403,1247,19649,15560,2589,352,1074,12113,3916,158,207,365,792,45640,DHL_2025_SEGMENTS,,5.47,13.18,79.19,1.79,403221.0,23532.0,0.86,4.3
2025,Global Forwarding Freight,17302,1342,18643,14778,2553,335,756,11190,3583,101,196,298,994,43992,DHL_2025_SEGMENTS,-5.98,4.06,13.69,79.27,1.8,393299.0,17185.0,0.58,5.75
2024,Group Functions,9,1893,1902,1556,1293,560,-439,4048,1583,112,445,556,139,13996,DHL_2025_SEGMENTS,,-23.08,67.98,81.81,29.44,643.0,-31366.0,1244.44,1544.44
2025,Group Functions,5,1924,1928,1580,1283,548,-387,3930,1492,127,422,549,111,13375,DHL_2025_SEGMENTS,-44.44,-20.07,66.55,81.95,28.42,374.0,-28935.0,2540.0,2220.0
2024,Post & Parcel Germany,16893,453,17347,6081,9119,637,821,9883,2606,933,122,1055,1562,157337,DHL_2025_SEGMENTS,,4.73,52.57,35.06,3.67,107368.0,5218.0,5.52,9.25
2025,Post & Parcel Germany,17405,469,17874,6151,9206,689,1032,10296,2656,1035,162,1197,1630,153614,DHL_2025_SEGMENTS,3.03,5.77,51.5,34.41,3.85,113303.0,6718.0,5.95,9.37
2024,Supply Chain,17584,109,17693,6883,7772,1049,1068,11080,4055,531,1055,1586,2340,185413,DHL_2025_SEGMENTS,,6.04,43.93,38.9,5.93,94837.0,5760.0,3.02,13.31
2025,Supply Chain,17689,89,17778,6880,7629,1187,1161,12084,4281,561,1038,1600,2045,181921,DHL_2025_SEGMENTS,0.6,6.53,42.91,38.7,6.68,97235.0,6382.0,3.17,11.56
2024,eCommerce,6787,175,6962,4948,1222,286,281,3847,1057,288,261,550,593,39873,DHL_2025_SEGMENTS,,4.04,17.55,71.07,4.11,170215.0,7047.0,4.24,8.74
2025,eCommerce,6649,235,6884,4932,1227,287,379,4197,896,252,139,391,439,39203,DHL_2025_SEGMENTS,-2.03,5.51,17.82,71.64,4.17,169604.0,9668.0,3.79,6.6
