year,segment,data_type,entity_level,external_revenue_eur_m,total_revenue_eur_m,external_revenue_growth_pct,ebit_eur_m,ebit_growth_pct,ebit_change_eur_m,ebit_margin_pct,ebit_margin_change_pp,material_expense_eur_m,material_cost_pct,material_cost_change_pp,staff_costs_eur_m,staff_cost_pct,staff_cost_change_pp,depreciation_amortization_eur_m,d_and_a_pct,average_fte,fte_growth_pct,external_revenue_per_fte_eur,revenue_per_fte_change_pct,ebit_per_fte_eur,ebit_per_fte_change_pct,operating_cash_flow_eur_m,ocf_margin_pct,segment_assets_eur_m,asset_change_eur_m,asset_growth_pct,capex_assets_eur_m,capex_rou_eur_m,total_capex_eur_m,capex_growth_pct,capex_change_eur_m,source_id
2024,Express,reported,operating_segment,24511,25134,,3084,,,12.27,,12623,50.22,,6317,25.13,,1834,7.3,109319,,224215.0,,28211.0,,4830,19.71,21303,,,1044,1105,2149,,,DHL_2025_SEGMENTS
2025,Express,reported,operating_segment,23805,24430,-2.88,3162,2.53,78.0,12.94,0.67,11654,47.7,-2.52,6366,26.06,0.93,1817,7.44,106821,-2.29,222849.0,-0.61,29601.0,4.93,5125,21.53,20768,-535.0,-2.51,874,1587,2461,14.52,312.0,DHL_2025_SEGMENTS
2024,Global Forwarding Freight,reported,operating_segment,18403,19649,,1074,,,5.47,,15560,79.19,,2589,13.18,,352,1.79,45640,,403221.0,,23532.0,,792,4.3,12113,,,158,207,365,,,DHL_2025_SEGMENTS
2025,Global Forwarding Freight,reported,operating_segment,17302,18643,-5.98,756,-29.61,-318.0,4.06,-1.41,14778,79.27,0.08,2553,13.69,0.51,335,1.8,43992,-3.61,393299.0,-2.46,17185.0,-26.97,994,5.75,11190,-923.0,-7.62,101,196,298,-18.36,-67.0,DHL_2025_SEGMENTS
2024,Post & Parcel Germany,reported,operating_segment,16893,17347,,821,,,4.73,,6081,35.06,,9119,52.57,,637,3.67,157337,,107368.0,,5218.0,,1562,9.25,9883,,,933,122,1055,,,DHL_2025_SEGMENTS
2025,Post & Parcel Germany,reported,operating_segment,17405,17874,3.03,1032,25.7,211.0,5.77,1.04,6151,34.41,-0.65,9206,51.5,-1.07,689,3.85,153614,-2.37,113303.0,5.53,6718.0,28.75,1630,9.37,10296,413.0,4.18,1035,162,1197,13.46,142.0,DHL_2025_SEGMENTS
2024,Supply Chain,reported,operating_segment,17584,17693,,1068,,,6.04,,6883,38.9,,7772,43.93,,1049,5.93,185413,,94837.0,,5760.0,,2340,13.31,11080,,,531,1055,1586,,,DHL_2025_SEGMENTS
2025,Supply Chain,reported,operating_segment,17689,17778,0.6,1161,8.71,93.0,6.53,0.49,6880,38.7,-0.2,7629,42.91,-1.02,1187,6.68,181921,-1.88,97235.0,2.53,6382.0,10.8,2045,11.56,12084,1004.0,9.06,561,1038,1600,0.88,14.0,DHL_2025_SEGMENTS
2024,eCommerce,reported,operating_segment,6787,6962,,281,,,4.04,,4948,71.07,,1222,17.55,,286,4.11,39873,,170215.0,,7047.0,,593,8.74,3847,,,288,261,550,,,DHL_2025_SEGMENTS
2025,eCommerce,reported,operating_segment,6649,6884,-2.03,379,34.88,98.0,5.51,1.47,4932,71.64,0.57,1227,17.82,0.27,287,4.17,39203,-1.68,169604.0,-0.36,9668.0,37.19,439,6.6,4197,350.0,9.1,252,139,391,-28.91,-159.0,DHL_2025_SEGMENTS
