year,segment,external_revenue_eur_m,internal_revenue_eur_m,total_revenue_eur_m,material_expense_eur_m,staff_costs_eur_m,depreciation_amortization_eur_m,ebit_eur_m,segment_assets_eur_m,segment_liabilities_eur_m,capex_assets_eur_m,capex_rou_eur_m,total_capex_eur_m,operating_cash_flow_eur_m,average_fte,source_id
2024,Express,24511,623,25134,12623,6317,1834,3084,21303,4994,1044,1105,2149,4830,109319,DHL_2025_SEGMENTS
2025,Express,23805,625,24430,11654,6366,1817,3162,20768,5027,874,1587,2461,5125,106821,DHL_2025_SEGMENTS
2024,Global Forwarding Freight,18403,1247,19649,15560,2589,352,1074,12113,3916,158,207,365,792,45640,DHL_2025_SEGMENTS
2025,Global Forwarding Freight,17302,1342,18643,14778,2553,335,756,11190,3583,101,196,298,994,43992,DHL_2025_SEGMENTS
2024,Supply Chain,17584,109,17693,6883,7772,1049,1068,11080,4055,531,1055,1586,2340,185413,DHL_2025_SEGMENTS
2025,Supply Chain,17689,89,17778,6880,7629,1187,1161,12084,4281,561,1038,1600,2045,181921,DHL_2025_SEGMENTS
2024,eCommerce,6787,175,6962,4948,1222,286,281,3847,1057,288,261,550,593,39873,DHL_2025_SEGMENTS
2025,eCommerce,6649,235,6884,4932,1227,287,379,4197,896,252,139,391,439,39203,DHL_2025_SEGMENTS
2024,Post & Parcel Germany,16893,453,17347,6081,9119,637,821,9883,2606,933,122,1055,1562,157337,DHL_2025_SEGMENTS
2025,Post & Parcel Germany,17405,469,17874,6151,9206,689,1032,10296,2656,1035,162,1197,1630,153614,DHL_2025_SEGMENTS
2024,Group Functions,9,1893,1902,1556,1293,560,-439,4048,1583,112,445,556,139,13996,DHL_2025_SEGMENTS
2025,Group Functions,5,1924,1928,1580,1283,548,-387,3930,1492,127,422,549,111,13375,DHL_2025_SEGMENTS